id,product_type,name,code,description,unit_type,unit_weight,unit_weight_type,status,category
1,Resin,,50081409,N-OPEN RG NATURAL 64C (L-F)-NS,Pcs,0.64,Grams,Active,FG
2,Resin,,50081409,N-OPEN RG NATURAL 64C (L-F)-NS,Pcs,0.64,Grams,Active,FG
3,Resin,,50081422,C-TAMP SAFE RSP O.GREEN (H)-NS,Pcs,2.26,Grams,Active,FG
4,Resin,,50081426,"C-TAMP SAFE""I"" TANBRN223270-NS",Pcs,2.2,Grams,Active,FG
5,Resin,,50081468,B-10ML RG WHITE NEW (L-F)-NS,Pcs,3.65,Grams,Active,FG
6,Resin,,50081474,B-10ML EX. RG WHITE (L-F)-NS,Pcs,3.7,Grams,Active,FG
7,Resin,,50081474,B-10ML EX. RG WHITE (L-F)-NS,Pcs,3.7,Grams,Active,FG
8,Resin,,50081474,B-10ML EX. RG WHITE (L-F)-NS,Pcs,3.7,Grams,Active,FG
9,Resin,,50081489,N-BLOCK RG NATURAL (L-F)-NS,Pcs,0.62,Grams,Active,FG
10,Resin,,50081489,N-BLOCK RG NATURAL (L-F)-NS,Pcs,0.62,Grams,Active,FG
11,Resin,,50081492,C-TAMPSAFE SS(R)U.YELLOW(H)-NS,Pcs,1.6,Grams,Active,FG
12,Resin,,50081500,C-TAMPSAFE RSP TURQ.(H)-NS,Pcs,2.26,Grams,Active,FG
13,Resin,,50081506,C-TAMPSAFE RSP TANBR (H)-NS,Pcs,2.26,Grams,Active,FG
14,Resin,,50081549,"N-OPEN ""I""NEW THT NAT. (L)-NS",Pcs,0.54,Grams,Active,FG
15,Resin,,50081556,C-TAMPSAFE SS(R)P.GREEN (H)-NS,Pcs,1.6,Grams,Active,FG
16,Resin,,50081563,C-TAMPSAFE RSP BLUE (H)-NS,Pcs,2.26,Grams,Active,FG
17,Resin,,50081580,B-15ML RG WHITE (L-F)-NS,Pcs,4.46,Grams,Active,FG
18,Resin,,50081580,B-15ML RG WHITE (L-F)-NS,Pcs,4.44,Grams,Active,FG
19,Resin,,50081583,B-10ML VIAL GLENMARK (PP)-NS,Pcs,5.7,Grams,Active,FG
20,Resin,,50081601,C-TAMPSAFE SS(R)U.BLUE(H)-NS,Pcs,1.6,Grams,Active,FG
21,Resin,,50081619,C-DOUBLESAFE NX U.BLUE (H)-NS,Pcs,1.73,Grams,Active,FG
22,Resin,,50081628,B-5ML VIAL GLENMARK (PP)-NS,Pcs,4.2,Grams,Active,FG
23,Resin,,50081632,B-5ML RSP NATURAL NEW (L)-NS,Pcs,2.95,Grams,Active,FG
24,Resin,,50081635,B-5ML RG WHITE (L-1840H)-NS,Pcs,2.87,Grams,Active,FG
25,Resin,,50081641,B-10ML RG WHITE (L-F)-NS,Pcs,3.7,Grams,Active,FG
26,Resin,,50081641,B-10ML RG WHITE (L-F)-NS,Pcs,3.7,Grams,Active,FG
27,Resin,,50081651,33MMPIC OUTERCAPS BLUE466276,Pcs,3.7,Grams,Active,FG
28,Resin,,50081658,N-OPEN RSP O.GREEN (L)-NS,Pcs,0.48,Grams,Active,FG
29,Resin,,50081669,C-TAMPSAFE RSP WHITE(H)NEW-NS,Pcs,2.26,Grams,Active,FG
30,Resin,,50081675,C-TAMPSAFE RSP PURPLE (H)-NS,Pcs,2.26,Grams,Active,FG
31,Resin,,50081678,"C-TAMPSAFE ""O"" O.GREEN (H)-NS",Pcs,2.26,Grams,Active,FG
32,Resin,,50081680,C-TAMPSAFE NS WHITE (H)-NS,Pcs,1.905,Grams,Active,FG
33,Resin,,50081695,B-30ML RG NBSR WHITE NEW(L)-NS,Pcs,7,Grams,Active,FG
34,Resin,,50081695,B-30ML RG NBSR WHITE NEW(L)-NS,Pcs,7,Grams,Active,FG
35,Resin,,50081696,B-10ML RSP O. GREEN (L)-NS,Pcs,3.6,Grams,Active,FG
36,Resin,,50081719,N-BLOCK RG WHITE (L-F)-NS,Pcs,0.62,Grams,Active,FG
37,Resin,,50081722,C-TAMPSAFE RSP WHITE (H)-NS,Pcs,2.26,Grams,Active,FG
38,Resin,,50081730,B-5ML RSP WHITE(L) NEW-NS,Pcs,2.95,Grams,Active,FG
39,Resin,,50081730,B-5ML RSP WHITE(L) NEW-NS,Pcs,2.95,Grams,Active,FG
40,Resin,,50081733,B-5ML RSP NATURAL (S)(L)-NS,Pcs,2.95,Grams,Active,FG
41,Resin,,50081743,B-10ML RSP NATURAL (H)-NS,Pcs,3.31,Grams,Active,FG
42,Resin,,50081743,B-10ML RSP NATURAL (H)-NS,Pcs,3.31,Grams,Active,FG
43,Resin,,50081764,C-TAMPSAFE RSP OR1585 (H)-NS,Pcs,2.26,Grams,Active,FG
44,Resin,,50081767,C-TAMPSAFE RSP GREY (H)-NS,Pcs,2.26,Grams,Active,FG
45,Resin,,50081796,N-BLOCK RL O. GREEN (L)-NS,Pcs,0.62,Grams,Active,FG
46,Resin,,50081802,C-TAMPSAFE SS(R)O.GREEN (H)-NS,Pcs,1.6,Grams,Active,FG
47,Resin,,50081804,"C-TAMPSAFE ""O"" WHITE (H)-NS",Pcs,2.26,Grams,Active,FG
48,Resin,,50081807,"C-TAMPSAFE ""I"" WHITE (H)-NS",Pcs,2.2,Grams,Active,FG
49,Resin,,50081821,B-5ML RSP WHITE(S)(L)-NS,Pcs,2.95,Grams,Active,FG
50,Resin,,50081821,B-5ML RSP WHITE(S)(L)-NS,Pcs,2.95,Grams,Active,FG
51,Resin,,50081824,B-30ML RG NBSR WHITE (L)-NS,Pcs,7,Grams,Active,FG
52,Resin,,50081827,B-15ML EX.RG WHITE (L)-NS,Pcs,4.395,Grams,Active,FG
53,Resin,,50081827,B-15ML EX.RG WHITE (L)-NS,Pcs,4.44,Grams,Active,FG
54,Resin,,50081827,B-15ML EX.RG WHITE (L)-NS,Pcs,4.44,Grams,Active,FG
55,Resin,,50081830,B-10ML RSP WHITE (H)-NS,Pcs,3.31,Grams,Active,FG
56,Resin,,50081830,B-10ML RSP WHITE (H)-NS,Pcs,3.31,Grams,Active,FG
57,Resin,,50081830,B-10ML RSP WHITE (H)-NS,Pcs,3.31,Grams,Active,FG
58,Resin,,50081839,N-OPEN RSP NATURAL(L)-NS,Pcs,0.49,Grams,Active,FG
59,Resin,,50081839,N-OPEN RSP NATURAL(L)-NS,Pcs,0.49,Grams,Active,FG
60,Resin,,50081839,N-OPEN RSP NATURAL(L)-NS,Pcs,0.49,Grams,Active,FG
61,Resin,,50081839,N-OPEN RSP NATURAL(L)-NS,Pcs,0.49,Grams,Active,FG
62,Resin,,50081839,N-OPEN RSP NATURAL(L)-NS,Pcs,0.49,Grams,Active,FG
63,Resin,,50081839,N-OPEN RSP NATURAL(L)-NS,Pcs,0.49,Grams,Active,FG
64,Resin,,50081846,C-TAMPLOCK G. YELLOW (H)-NS,Pcs,1.72,Grams,Active,FG
65,Resin,,50081855,C-24MM PRESS FIT CAP (L)-NS,Pcs,1.8,Grams,Active,FG
66,Resin,,50081859,B-5ML RG O. GREEN (L) -NS,Pcs,2.94,Grams,Active,FG
67,Resin,,50081859,B-5ML RG O. GREEN (L) -NS,Pcs,2.88,Grams,Active,FG
68,Resin,,50081862,"B-5ML ""I"" NATURAL 6C (L)-NS",Pcs,2.9,Grams,Active,FG
69,Resin,,50081862,"B-5ML ""I"" NATURAL 6C (L)-NS",Pcs,2.9,Grams,Active,FG
70,Resin,,50081865,B-5ML EX. RG WHITE (L)-NS,Pcs,2.8,Grams,Active,FG
71,Resin,,50081865,B-5ML EX. RG WHITE (L)-NS,Pcs,2.8,Grams,Active,FG
72,Resin,,50081865,B-5ML EX. RG WHITE (L)-NS,Pcs,2.8,Grams,Active,FG
73,Resin,,50081865,B-5ML EX. RG WHITE (L)-NS,Pcs,2.8,Grams,Active,FG
74,Resin,,50081875,B-10ML RSP NATURAL(L)-NS,Pcs,3.6,Grams,Active,FG
75,Resin,,50081884,B-10ML EX.RG WHITE (L)-NS,Pcs,3.7,Grams,Active,FG
76,Resin,,50081891,"N-OPEN ""O"" O. GREEN (L)-NS",Pcs,0.6,Grams,Active,FG
77,Resin,,50081891,"N-OPEN ""O"" O. GREEN (L)-NS",Pcs,0.6,Grams,Active,FG
78,Resin,,50081894,N-BLOCK RL NATURAL(L)-NS,Pcs,0.558,Grams,Active,FG
79,Resin,,50081894,N-BLOCK RL NATURAL(L)-NS,Pcs,0.62,Grams,Active,FG
80,Resin,,50081902,C-TAMPSAFE SS(R) WHITE(H)-NS,Pcs,1.6,Grams,Active,FG
81,Resin,,50081908,C-TAMPSAFE RSP PINK197(H)-NS,Pcs,2.26,Grams,Active,FG
82,Resin,,50081914,C-TAMPLOCK UTILITY BLUE(H)-NS,Pcs,1.73,Grams,Active,FG
83,Resin,,50081914,C-TAMPLOCK UTILITY BLUE(H)-NS,Pcs,1.73,Grams,Active,FG
84,Resin,,50081929,C-DOUBLESAFE NX O.GREEN (H)-NS,Pcs,1.73,Grams,Active,FG
85,Resin,,50081929,C-DOUBLESAFE NX O.GREEN (H)-NS,Pcs,1.765,Grams,Active,FG
86,Resin,,50081932,B-5ML RSP NATURAL(L)-NS,Pcs,2.95,Grams,Active,FG
87,Resin,,50081932,B-5ML RSP NATURAL(L)-NS,Pcs,2.95,Grams,Active,FG
88,Resin,,50081935,"B-15ML ""O"" O.GREEN (L)-NS",Pcs,4.55,Grams,Active,FG
89,Resin,,50081937,N-OPEN RSP WHITE (L)-NS,Pcs,0.49,Grams,Active,FG
90,Resin,,50081937,N-OPEN RSP WHITE (L)-NS,Pcs,0.48,Grams,Active,FG
91,Resin,,50081937,N-OPEN RSP WHITE (L)-NS,Pcs,0.49,Grams,Active,FG
92,Resin,,50081937,N-OPEN RSP WHITE (L)-NS,Pcs,0.49,Grams,Active,FG
93,Resin,,50081937,N-OPEN RSP WHITE (L)-NS,Pcs,0.49,Grams,Active,FG
94,Resin,,50081937,N-OPEN RSP WHITE (L)-NS,Pcs,0.49,Grams,Active,FG
95,Resin,,50081946,"N-OPEN ""O""NATURAL (L)-NS",Pcs,0.6,Grams,Active,FG
96,Resin,,50081946,"N-OPEN ""O""NATURAL (L)-NS",Pcs,0.6,Grams,Active,FG
97,Resin,,50081954,N-NASAL SPRAY OPEN NATURAL (L),Pcs,0.66,Grams,Active,FG
98,Resin,,50081954,N-NASAL SPRAY OPEN NATURAL (L),Pcs,0.66,Grams,Active,FG
99,Resin,,50081969,"B-5ML ""I"" WHITE 6C (L)-NS",Pcs,2.9,Grams,Active,FG
100,Resin,,50081969,"B-5ML ""I"" WHITE 6C (L)-NS",Pcs,2.9,Grams,Active,FG
101,Resin,,50081969,"B-5ML ""I"" WHITE 6C (L)-NS",Pcs,2.9,Grams,Active,FG
102,Resin,,50081972,B-15ML RSP WHITE (L)-NS,Pcs,4.55,Grams,Active,FG
103,Resin,,50081977,B-10ML RSP WHITE (L)-NS,Pcs,3.6,Grams,Active,FG
104,Resin,,50081977,B-10ML RSP WHITE (L)-NS,Pcs,3.6,Grams,Active,FG
105,Resin,,50081977,B-10ML RSP WHITE (L)-NS,Pcs,3.7,Grams,Active,FG
106,Resin,,50081977,B-10ML RSP WHITE (L)-NS,Pcs,3.8,Grams,Active,FG
107,Resin,,50081990,"B-10ML ""I"" NATURAL (L)-NS",Pcs,3.6,Grams,Active,FG
108,Resin,,50081990,"B-10ML ""I"" NATURAL (L)-NS",Pcs,3.6,Grams,Active,FG
109,Resin,,50081995,38MM OUTER CAPS BLUE (2945C),Pcs,4.1,Grams,Active,FG
110,Resin,,50081995,38MM OUTER CAPS BLUE (2945C),Pcs,4.1,Grams,Active,FG
111,Resin,,50081997,33MM OUTER CAPS BLUE (2945C),Pcs,3.6,Grams,Active,FG
112,Resin,,50081997,33MM OUTER CAPS BLUE (2945C),Pcs,3.6,Grams,Active,FG
113,Resin,,50081997,33MM OUTER CAPS BLUE (2945C),Pcs,3.6,Grams,Active,FG
114,Resin,,50081999,PLUNGER STOPPER PSI/0066-05,Pcs,0.95,Grams,Active,FG
115,Resin,,50081999,PLUNGER STOPPER PSI/0066-05,Pcs,0.95,Grams,Active,FG
116,Resin,,50082003,N-BLOCK RG O. GREEN (L)-NS,Pcs,0.62,Grams,Active,FG
117,Resin,,50082003,N-BLOCK RG O. GREEN (L)-NS,Pcs,0.62,Grams,Active,FG
118,Resin,,50082006,C-TAMPSAFE SS(R)RED (H)-NS,Pcs,1.6,Grams,Active,FG
119,Resin,,50082010,C-DOUBLESAFE WHITE NX (H)-NS,Pcs,1.73,Grams,Active,FG
120,Resin,,50082010,C-DOUBLESAFE WHITE NX (H)-NS,Pcs,1.73,Grams,Active,FG
121,Resin,,50082021,B-5ML RSP WHITE (L)-NS,Pcs,2.95,Grams,Active,FG
122,Resin,,50082021,B-5ML RSP WHITE (L)-NS,Pcs,2.95,Grams,Active,FG
123,Resin,,50082027,"B-5ML ""I"" NATURAL (L)-NS",Pcs,2.9,Grams,Active,FG
124,Resin,,50082027,"B-5ML ""I"" NATURAL (L)-NS",Pcs,2.55,Grams,Active,FG
125,Resin,,50082027,"B-5ML ""I"" NATURAL (L)-NS",Pcs,2.55,Grams,Active,FG
126,Resin,,50082033,38MM OUTER CAPS BLUE(466276),Pcs,4.1,Grams,Active,FG
127,Resin,,50082034,33MM OUTER CAPS BLUE(466276),Pcs,3.6,Grams,Active,FG
128,Resin,,50082034,33MM OUTER CAPS BLUE(466276),Pcs,3.6,Grams,Active,FG
129,Resin,,50082038,N-OPEN RG O. GREEN 64C(L)-NS,Pcs,0.62,Grams,Active,FG
130,Resin,,50082038,N-OPEN RG O. GREEN 64C(L)-NS,Pcs,0.62,Grams,Active,FG
131,Resin,,50082046,N-OPEN NASAL SPRAY WHITE (L),Pcs,0.66,Grams,Active,FG
132,Resin,,50082046,N-OPEN NASAL SPRAY WHITE (L),Pcs,0.66,Grams,Active,FG
133,Resin,,50082061,B-10ML RG O. GREEN (L)-NS,Pcs,3.7,Grams,Active,FG
134,Resin,,50082061,B-10ML RG O. GREEN (L)-NS,Pcs,3.7,Grams,Active,FG
135,Resin,,50082064,"B-10ML ""O"" WHITE (L)-NS",Pcs,3.6,Grams,Active,FG
136,Resin,,50082067,"B-10ML ""I"" WHITE (L)-NS",Pcs,3.7,Grams,Active,FG
137,Resin,,50082067,"B-10ML ""I"" WHITE (L)-NS",Pcs,3.6,Grams,Active,FG
138,Resin,,50082067,"B-10ML ""I"" WHITE (L)-NS",Pcs,3.9,Grams,Active,FG
139,Resin,,50082067,"B-10ML ""I"" WHITE (L)-NS",Pcs,3.8,Grams,Active,FG
140,Resin,,50082076,N-BLOCK RG NATURAL (L)-NS,Pcs,0.62,Grams,Active,FG
141,Resin,,50082076,N-BLOCK RG NATURAL (L)-NS,Pcs,0.57,Grams,Active,FG
142,Resin,,50082089,"B-5ML ""O"" WHITE (L)-NS",Pcs,2.95,Grams,Active,FG
143,Resin,,50082089,"B-5ML ""O"" WHITE (L)-NS",Pcs,2.95,Grams,Active,FG
144,Resin,,50082089,"B-5ML ""O"" WHITE (L)-NS",Pcs,2.95,Grams,Active,FG
145,Resin,,50082092,"B-5ML ""I"" WHITE (L)-NS",Pcs,2.9,Grams,Active,FG
146,Resin,,50082092,"B-5ML ""I"" WHITE (L)-NS",Pcs,2.9,Grams,Active,FG
147,Resin,,50082095,N-OPEN RG NATURAL 64C(L)-NS,Pcs,0.56,Grams,Active,FG
148,Resin,,50082095,N-OPEN RG NATURAL 64C(L)-NS,Pcs,0.56,Grams,Active,FG
149,Resin,,50082098,N-OPEN NBSR WHITE (L),Pcs,0.66,Grams,Active,FG
150,Resin,,50082122,B-30ML FLAT WHITE (L)-NS,Pcs,7,Grams,Active,FG
151,Resin,,50082122,B-30ML FLAT WHITE (L)-NS,Pcs,7,Grams,Active,FG
152,Resin,,50082125,B-15ML RG NATURAL (L)-NS,Pcs,4.44,Grams,Active,FG
153,Resin,,50082128,B-10ML RG NATURAL (L)-NS,Pcs,3.7,Grams,Active,FG
154,Resin,,50082132,N-BLOCK RG WHITE (L)-NS,Pcs,0.56,Grams,Active,FG
155,Resin,,50082132,N-BLOCK RG WHITE (L)-NS,Pcs,0.62,Grams,Active,FG
156,Resin,,50082141,B-5ML RG NATURAL (L)-NS,Pcs,2.87,Grams,Active,FG
157,Resin,,50082144,38MM INNER CAPS NATURAL,Pcs,3.5,Grams,Active,FG
158,Resin,,50082144,38MM INNER CAPS NATURAL,Pcs,3.5,Grams,Active,FG
159,Resin,,50082145,33MM INNER CAPS NATURAL,Pcs,3,Grams,Active,FG
160,Resin,,50082145,33MM INNER CAPS NATURAL,Pcs,3,Grams,Active,FG
161,Resin,,50082145,33MM INNER CAPS NATURAL,Pcs,3,Grams,Active,FG
162,Resin,,50082145,33MM INNER CAPS NATURAL,Pcs,3,Grams,Active,FG
163,Resin,,50082145,33MM INNER CAPS NATURAL,Pcs,3,Grams,Active,FG
164,Resin,,50082154,FLAT SPATULA GLENMARK-NS,Pcs,1.9,Grams,Active,FG
165,Resin,,50082155,C-TAMPLOCK WHITE (H)-NS,Pcs,1.73,Grams,Active,FG
166,Resin,,50082155,C-TAMPLOCK WHITE (H)-NS,Pcs,1.6,Grams,Active,FG
167,Resin,,50082155,C-TAMPLOCK WHITE (H)-NS,Pcs,1.73,Grams,Active,FG
168,Resin,,50082162,B-30ML RG WHITE (L)-NS,Pcs,7.9,Grams,Active,FG
169,Resin,,50082165,B-15ML RG WHITE (L)-NS,Pcs,4.46,Grams,Active,FG
170,Resin,,50082165,B-15ML RG WHITE (L)-NS,Pcs,4.46,Grams,Active,FG
171,Resin,,50082165,B-15ML RG WHITE (L)-NS,Pcs,4.46,Grams,Active,FG
172,Resin,,50082168,B-10ML RG WHITE (L)-NS,Pcs,3.7,Grams,Active,FG
173,Resin,,50082168,B-10ML RG WHITE (L)-NS,Pcs,3.7,Grams,Active,FG
174,Resin,,50082171,OUTER BODY OI/0066-03,Pcs,8.2,Grams,Active,FG
175,Resin,,50082174,B-5ML RG WHITE (L)-NS,Pcs,2.87,Grams,Active,FG
176,Resin,,50082174,B-5ML RG WHITE (L)-NS,Pcs,2.87,Grams,Active,FG
177,Resin,,50082177,38MM OUTER CAPS WHITE,Pcs,4.002,Grams,Active,FG
178,Resin,,50082177,38MM OUTER CAPS WHITE,Pcs,4.1,Grams,Active,FG
179,Resin,,50082177,38MM OUTER CAPS WHITE,Pcs,4.1,Grams,Active,FG
180,Resin,,50082178,33MM OUTER CAPS WHITE,Pcs,3.6,Grams,Active,FG
181,Resin,,50082178,33MM OUTER CAPS WHITE,Pcs,3.6,Grams,Active,FG
182,Resin,,50082179,28MM OUTER CAPS WHITE,Pcs,3.1,Grams,Active,FG
183,Resin,,50082179,28MM OUTER CAPS WHITE,Pcs,3.1,Grams,Active,FG
184,Resin,,50082180,28MM INNER CAPS NATURAL,Pcs,2.373,Grams,Active,FG
185,Resin,,50082180,28MM INNER CAPS NATURAL,Pcs,2.8,Grams,Active,FG
186,Resin,,50082185,C-TAMPLOCK RED (H)-NS,Pcs,1.73,Grams,Active,FG
187,Resin,,50082185,C-TAMPLOCK RED (H)-NS,Pcs,1.6,Grams,Active,FG
188,Resin,,50082185,C-TAMPLOCK RED (H)-NS,Pcs,1.73,Grams,Active,FG
189,Resin,,50082193,PLUNGER - PI/0066-04,Pcs,0.7,Grams,Active,FG
190,Resin,,50082210,C-DOUBLE SAFE NX SKY BLUE - NS,Pcs,1.73,Grams,Active,FG
191,Resin,,50082210,C-DOUBLE SAFE NX SKY BLUE - NS,Pcs,1.76,Grams,Active,FG
192,Resin,,50082223,CAP - CI/0066-02,Pcs,3.82,Grams,Active,FG
193,Resin,,50082223,CAP - CI/0066-02,Pcs,3.82,Grams,Active,FG
194,Resin,,50082231,B-10ML O DESIGN O.GREEN (L)-NS,Pcs,3.6,Grams,Active,FG
195,Resin,,50082246,N-OPEN RSP-30mcl WHT NEW(L)-NS,Pcs,0.5,Grams,Active,FG
196,Resin,,50082246,N-OPEN RSP-30mcl WHT NEW(L)-NS,Pcs,0.485,Grams,Active,FG
197,Resin,,50082246,N-OPEN RSP-30mcl WHT NEW(L)-NS,Pcs,0.5,Grams,Active,FG
198,Resin,,50082249,B-5ML RG WHITE (L-F)-NS,Pcs,2.87,Grams,Active,FG
199,Resin,,50082252,B-10ML RG O.GREEN (L-F) NEW-NS,Pcs,3.7,Grams,Active,FG
200,Resin,,50082322,C-DOUBLE SAFE NX DARK BLUE- NS,Pcs,1.71,Grams,Active,FG
201,Resin,,50082322,C-DOUBLE SAFE NX DARK BLUE- NS,Pcs,1.71,Grams,Active,FG
202,Resin,,50082372,"C-TAMP SAFE""I"" O.GREEN-NS",Pcs,2.2,Grams,Active,FG
203,Resin,,50082374,"N-OPEN ""I"" O.GREEN (L)-NS",Pcs,0.54,Grams,Active,FG
204,Resin,,50082374,"N-OPEN ""I"" O.GREEN (L)-NS",Pcs,0.54,Grams,Active,FG
205,Resin,,50082374,"N-OPEN ""I"" O.GREEN (L)-NS",Pcs,0.54,Grams,Active,FG
206,Resin,,50082404,CAP - SPEEDY,Pcs,3.8,Grams,Active,FG
207,Resin,,50082404,CAP - SPEEDY,Pcs,3.8,Grams,Active,FG
208,Resin,,50082405,COLLAR - SPEEDY,Pcs,2.26,Grams,Active,FG
209,Resin,,50082431,C-DOUBLESAFE NX ROSE PINK(H)NS,Pcs,1.71,Grams,Active,FG
210,Resin,,50082431,C-DOUBLESAFE NX ROSE PINK(H)NS,Pcs,1.71,Grams,Active,FG
211,Resin,,50083109,N-OPEN RSP O.GREEN 415143-NS,Pcs,0.49,Grams,Active,FG
212,Resin,,50083166,C-TAMPSAFE NBSR WHITE (REL)-NS,Pcs,1.876,Grams,Active,FG
213,Resin,,50083265,B-5ML RG WHITE -12C (L)-NS,Pcs,2.886,Grams,Active,FG
214,Resin,,50083265,B-5ML RG WHITE -12C (L)-NS,Pcs,2.886,Grams,Active,FG
215,Resin,,50083268,B-5ML RSP NATURAL R2 NEW(L)-NS,Pcs,2.95,Grams,Active,FG
216,Resin,,50083268,B-5ML RSP NATURAL R2 NEW(L)-NS,Pcs,2.95,Grams,Active,FG
217,Resin,,50083269,B-5ML RSP WHITE R2 NEW (L)-NS,Pcs,2.95,Grams,Active,FG
218,Resin,,50083269,B-5ML RSP WHITE R2 NEW (L)-NS,Pcs,2.95,Grams,Active,FG
219,Resin,,50083286,"B-5ML ""O"" O. GREEN (L)-NS",Pcs,2.95,Grams,Active,FG
220,Resin,,50083321,"N-OPEN ""I"" NATURAL NEW (L)-NS",Pcs,0.54,Grams,Active,FG
221,Resin,,50083324,"N-OPEN ""I"" WHITE NEW (L)-NS",Pcs,0.54,Grams,Active,FG
222,Resin,,50091630,B-10ML RSP NATURAL R2 (L)-NS,Pcs,3.6,Grams,Active,FG
223,Resin,,50091630,B-10ML RSP NATURAL R2 (L)-NS,Pcs,3.6,Grams,Active,FG
224,Resin,,50091633,B-10ML RSP WHITE R2 (L)-NS,Pcs,3.6,Grams,Active,FG
225,Resin,,50091633,B-10ML RSP WHITE R2 (L)-NS,Pcs,3.6,Grams,Active,FG
226,Resin,,50092254,C-DOUBLESAFE NX P.GREEN (H)-NS,Pcs,1.73,Grams,Active,FG
227,Resin,,50092254,C-DOUBLESAFE NX P.GREEN (H)-NS,Pcs,1.73,Grams,Active,FG
228,Resin,,50092421,B-15ML RSP NATURAL R2 (L)-NS,Pcs,4.55,Grams,Active,FG
229,Resin,,50092445,"B-10ML ""I"" WHITE 6C-2 (L)-NS",Pcs,3.7,Grams,Active,FG
230,Resin,,50092445,"B-10ML ""I"" WHITE 6C-2 (L)-NS",Pcs,3.6,Grams,Active,FG
231,Resin,,50092519,CAP - SPEEDY - 8C,Pcs,3.8,Grams,Active,FG
232,Resin,,50092520,COLLAR - SPEEDY - 8C,Pcs,2.25,Grams,Active,FG
233,Resin,,50092553,B-15ML RSP WHITE R2 (L)-NS,Pcs,4.5,Grams,Active,FG
234,Resin,,50092961,B-10ML ROUND WHITE (L)-NS,Pcs,5,Grams,Active,FG
235,Resin,,50093305,B-10ML VIAL GLENMARK PRINTED,Pcs,0,Grams,Active,FG
236,Resin,,50093480,B-5ML RSP R2 NAT(DPT 20/64)-NS,Pcs,2.95,Grams,Active,FG
237,Resin,,50093548,B-5ML RSP R2 WT 176031 NEW-NS,Pcs,2.98,Grams,Active,FG
238,Resin,,50096938,B-10ML RSP WHITE R2 (H)-NS,Pcs,3.31,Grams,Active,FG
239,Resin,,50096981,CAP FOR 10ML ROUND BOTTLE-NS,Pcs,1.6,Grams,Active,FG
240,Resin,,50096982,NOZZLE FR 10ML ROUND BOTTLE-NS,Pcs,0.6,Grams,Active,FG
241,Resin,,50096982,NOZZLE FR 10ML ROUND BOTTLE-NS,Pcs,0.65,Grams,Active,FG
242,Resin,,50096985,10mL Plastic Bottle 20mmFinish,Pcs,4.2,Grams,Active,FG
243,Resin,,50096986,20mL Plastic Bottle 20mmFinish,Pcs,4.8,Grams,Active,FG
244,Resin,,50096986,20mL Plastic Bottle 20mmFinish,Pcs,4.8,Grams,Active,FG
245,Resin,,50096987,30mL Plastic Bottle 20mmFinish,Pcs,6.1,Grams,Active,FG
246,Resin,,50096987,30mL Plastic Bottle 20mmFinish,Pcs,6.1,Grams,Active,FG
247,Resin,,50096988,50mL Plastic Bottle 20mmFinish,Pcs,9.3,Grams,Active,FG
248,Resin,,50096988,50mL Plastic Bottle 20mmFinish,Pcs,9.3,Grams,Active,FG
249,Resin,,50097174,N-NFC NOZZLE NATURAL (L)-NS,Pcs,0.7,Grams,Active,FG
250,Resin,,50097174,N-NFC NOZZLE NATURAL (L)-NS,Pcs,0.7,Grams,Active,FG
251,Resin,,50097331,"B-5ML ""I"" O GREEN (L)-NS",Pcs,2.9,Grams,Active,FG
252,Resin,,50097600,B-10ML RSP R2 NATURAL (H)-NS,Pcs,3.31,Grams,Active,FG
253,Resin,,50097926,B-5ML RSP GRN PE6M415143 R2-NS,Pcs,2.95,Grams,Active,FG
254,Resin,,50097931,B-15ML RSP R2 GRNPE6M415143-NS,Pcs,4.55,Grams,Active,FG
255,Resin,,50098147,B-10ML RSP R2 GRNPE6M415143-NS,Pcs,3.6,Grams,Active,FG
256,Resin,,50098147,B-10ML RSP R2 GRNPE6M415143-NS,Pcs,3.6,Grams,Active,FG
257,Resin,,50098256,B-15ML RG O.GRN 91151-NS,Pcs,4.48,Grams,Active,FG
258,Resin,,50098386,N-RISDROP NOZZLE 45MLTR WHT-NS,Pcs,0.47,Grams,Active,FG
259,Resin,,50098386,N-RISDROP NOZZLE 45MLTR WHT-NS,Pcs,0.48,Grams,Active,FG
260,Resin,,50098871,33MM CRIII OUTER CAPS WT(MAS),Pcs,4.18,Grams,Active,FG
261,Resin,,50098871,33MM CRIII OUTER CAPS WT(MAS),Pcs,4.18,Grams,Active,FG
262,Resin,,50098871,33MM CRIII OUTER CAPS WT(MAS),Pcs,4.18,Grams,Active,FG
263,Resin,,50098989,N-OPEN RG NAT 64C(L-1840H)-NS,Pcs,0.64,Grams,Active,FG
264,Resin,,50098989,N-OPEN RG NAT 64C(L-1840H)-NS,Pcs,0.64,Grams,Active,FG
265,Resin,,50099023,C-DOUBLESAFE NATURAL NX(H)-NS,Pcs,1.73,Grams,Active,FG
266,Resin,,50099120,N-OPEN RG WHITE 64C (L)-NS,Pcs,0.62,Grams,Active,FG
267,Resin,,50099120,N-OPEN RG WHITE 64C (L)-NS,Pcs,0.62,Grams,Active,FG
268,Resin,,50099204,33MM OUTER CAPS WHITE (MAS),Pcs,3.7,Grams,Active,FG
269,Resin,,50099204,33MM OUTER CAPS WHITE (MAS),Pcs,3.7,Grams,Active,FG
270,Resin,,50099205,38MM OUTER CAPS WHITE(MAS),Pcs,4.1,Grams,Active,FG
271,Resin,,50099205,38MM OUTER CAPS WHITE(MAS),Pcs,4,Grams,Active,FG
272,Resin,,50099205,38MM OUTER CAPS WHITE(MAS),Pcs,4.1,Grams,Active,FG
273,Resin,,50099205,38MM OUTER CAPS WHITE(MAS),Pcs,4.1,Grams,Active,FG
274,Resin,,50099205,38MM OUTER CAPS WHITE(MAS),Pcs,4.1,Grams,Active,FG
275,Resin,,50099311,B-10ML EX.RG O.GREEN 16C(L)-NS,Pcs,3.7,Grams,Active,FG
276,Resin,,50099315,B-10ML EX.RG NATURAL 16C(L)-NS,Pcs,3.7,Grams,Active,FG
277,Resin,,50099318,B-10ML EX.RG WHITE 16C (L)-NS,Pcs,3.7,Grams,Active,FG
278,Resin,,50099332,33MM CRIII INNER CAPS NAT(MAS),Pcs,3.16,Grams,Active,FG
279,Resin,,50099332,33MM CRIII INNER CAPS NAT(MAS),Pcs,3.16,Grams,Active,FG
280,Resin,,50099333,33MM INNER CAPS NATURAL(MAS),Pcs,3,Grams,Active,FG
281,Resin,,50099333,33MM INNER CAPS NATURAL(MAS),Pcs,3,Grams,Active,FG
282,Resin,,50099333,33MM INNER CAPS NATURAL(MAS),Pcs,3,Grams,Active,FG
283,Resin,,50099333,33MM INNER CAPS NATURAL(MAS),Pcs,2.8,Grams,Active,FG
284,Resin,,50099333,33MM INNER CAPS NATURAL(MAS),Pcs,3,Grams,Active,FG
285,Resin,,50099334,38MM INNER CAPS NATURAL(MAS),Pcs,3.5,Grams,Active,FG
286,Resin,,50099334,38MM INNER CAPS NATURAL(MAS),Pcs,3.5,Grams,Active,FG
287,Resin,,50099334,38MM INNER CAPS NATURAL(MAS),Pcs,3.5,Grams,Active,FG
288,Resin,,50099594,B-10ML RG WHITE 1840H (L)-NS,Pcs,3.7,Grams,Active,FG
289,Resin,,50099594,B-10ML RG WHITE 1840H (L)-NS,Pcs,3.7,Grams,Active,FG
290,Resin,,50099858,C-TS RSP GRN(373C)R2 2.0(H)-NS,Pcs,2.26,Grams,Active,FG
291,Resin,,50099878,N-RISDROP 45MLTR INSERT WT,Pcs,0.18,Grams,Active,FG
292,Resin,,50099878,N-RISDROP 45MLTR INSERT WT,Pcs,0.18,Grams,Active,FG
293,Resin,,50100127,C-DOUBLESAFE NX RED (H)-NS,Pcs,1.71,Grams,Active,FG
294,Resin,,50100127,C-DOUBLESAFE NX RED (H)-NS,Pcs,1.71,Grams,Active,FG
295,Resin,,50100254,C-TAMP SAFE RSP P.GREEN (H)-NS,Pcs,2.26,Grams,Active,FG
296,Resin,,50100911,B-5ML RSP P.GREEN (L)-NS,Pcs,2.95,Grams,Active,FG
297,Resin,,50100914,N-OPEN RSP P.GREEN(L)-NS,Pcs,0.49,Grams,Active,FG
298,Resin,,50100914,N-OPEN RSP P.GREEN(L)-NS,Pcs,0.49,Grams,Active,FG
299,Resin,,50101364,C-DOUBLESAFE NX MRN 224669 -NS,Pcs,1.73,Grams,Active,FG
300,Resin,,50101368,N-28mcl SUSPENSION NAT APL-NS,Pcs,0.44,Grams,Active,FG
301,Resin,,50101619,"N-OPEN ""O""NATURAL (L-J)-NS",Pcs,0.6,Grams,Active,FG
302,Resin,,50101628,"B-10ML ""I"" WHITE (L-J)-NS",Pcs,3.6,Grams,Active,FG
303,Resin,,50101634,"N-OPEN ""I"" WHITE NEW (L-J)-NS",Pcs,0.54,Grams,Active,FG
304,Resin,,50101712,C-DOUBLESAFE NX U.YELLOW(H)-NS,Pcs,1.71,Grams,Active,FG
305,Resin,,50101719,N-28mcl SUSPENSION WHT APL-NS,Pcs,0.44,Grams,Active,FG
306,Resin,,50101725,B-5ML EX.RG P.GREEN (L)-NS,Pcs,2.8,Grams,Active,FG
307,Resin,,50101725,B-5ML EX.RG P.GREEN (L)-NS,Pcs,2.8,Grams,Active,FG
308,Resin,,50101725,B-5ML EX.RG P.GREEN (L)-NS,Pcs,2.8,Grams,Active,FG
309,Resin,,50101725,B-5ML EX.RG P.GREEN (L)-NS,Pcs,2.8,Grams,Active,FG
310,Resin,,50101725,B-5ML EX.RG P.GREEN (L)-NS,Pcs,2.8,Grams,Active,FG
311,Resin,,50101732,N-BLOCK RG P.GREEN (L)-NS,Pcs,0.62,Grams,Active,FG
312,Resin,,50101943,C-TAMPSAFE SS(R)ROSEPINK(H)-NS,Pcs,1.6,Grams,Active,FG
313,Resin,,50101991,C-TAMPSAFE RSP D.BLUE(H)-NS,Pcs,2.26,Grams,Active,FG
314,Resin,,50102080,C-DOUBLESAFE NX I.YELLOW(H)-NS,Pcs,1.71,Grams,Active,FG
315,Resin,,50102092,C-DOUBLESAFE NX T.GREEN (H)-NS,Pcs,1.73,Grams,Active,FG
316,Resin,,50102092,C-DOUBLESAFE NX T.GREEN (H)-NS,Pcs,1.73,Grams,Active,FG
317,Resin,,50102095,28MM OUTER CAPS WHITE (MAS),Pcs,2.9,Grams,Active,FG
318,Resin,,50102095,28MM OUTER CAPS WHITE (MAS),Pcs,3.1,Grams,Active,FG
319,Resin,,50102095,28MM OUTER CAPS WHITE (MAS),Pcs,3.1,Grams,Active,FG
320,Resin,,50102096,28MM INNER CAPS NATURAL (MAS),Pcs,2.8,Grams,Active,FG
321,Resin,,50102096,28MM INNER CAPS NATURAL (MAS),Pcs,2.8,Grams,Active,FG
322,Resin,,50102096,28MM INNER CAPS NATURAL (MAS),Pcs,2.8,Grams,Active,FG
323,Resin,,50102159,38MM OUTER BLUE (466276) (MAS),Pcs,4.1,Grams,Active,FG
324,Resin,,50102159,38MM OUTER BLUE (466276) (MAS),Pcs,4.1,Grams,Active,FG
325,Resin,,50102396,"B-5ML ""I"" WHITE (L-J)-NS",Pcs,2.541,Grams,Active,FG
326,Resin,,50102427,N-NASAL SPRAY OPEN WHITE (L-J),Pcs,0.66,Grams,Active,FG
327,Resin,,50102427,N-NASAL SPRAY OPEN WHITE (L-J),Pcs,0.66,Grams,Active,FG
328,Resin,,50102428,N-NASAL SPRAY OPEN NAT (L-J),Pcs,0.66,Grams,Active,FG
329,Resin,,50102431,B-30ML OVAL WHITE (L-J)-NS,Pcs,7,Grams,Active,FG
330,Resin,,50102431,B-30ML OVAL WHITE (L-J)-NS,Pcs,7,Grams,Active,FG
331,Resin,,50102609,N-35mcl SOLUTION WHITE ORBI-NS,Pcs,0.46,Grams,Active,FG
332,Resin,,50102609,N-35mcl SOLUTION WHITE ORBI-NS,Pcs,0.46,Grams,Active,FG
333,Resin,,50102864,"B-5ML ""I"" NATURAL 12C-HW(L)-NS",Pcs,3.1,Grams,Active,FG
334,Resin,,50102864,"B-5ML ""I"" NATURAL 12C-HW(L)-NS",Pcs,3.1,Grams,Active,FG
335,Resin,,50102908,N-OPEN RG O.GREEN 64C (L-F)-NS,Pcs,0.62,Grams,Active,FG
336,Resin,,50103048,"C-TAMPSAFE ""O"" P.GREEN (H)-NS",Pcs,2.26,Grams,Active,FG
337,Resin,,50103371,"B-10ML ""I"" O.GREEN 91151(L)-NS",Pcs,3.834,Grams,Active,FG
338,Resin,,50103371,"B-10ML ""I"" O.GREEN 91151(L)-NS",Pcs,3.6,Grams,Active,FG
339,Resin,,50103371,"B-10ML ""I"" O.GREEN 91151(L)-NS",Pcs,3.834,Grams,Active,FG
340,Resin,,50103557,B-5ML RG NATURAL (L-F)-NS,Pcs,2.87,Grams,Active,FG
341,Resin,,50104226,C-TAMPSAFE RSP WT R2 2.0(H)-NS,Pcs,2.26,Grams,Active,FG
342,Resin,,50104511,C-TS RSP R2 PINK197 2.0(H)-NS,Pcs,2.26,Grams,Active,FG
343,Resin,,50104514,C-TAMPSAFE RSP TANBR R2-2.0-NS,Pcs,2.252,Grams,Active,FG
344,Resin,,50104541,SEVO - CAP,Pcs,4.12,Grams,Active,FG
345,Resin,,50104541,SEVO - CAP,Pcs,4.12,Grams,Active,FG
346,Resin,,50104542,SEVO- BODY,Pcs,6.13,Grams,Active,FG
347,Resin,,50104542,SEVO- BODY,Pcs,6.13,Grams,Active,FG
348,Resin,,50104543,SEVO - VALVE STEM,Pcs,0.816,Grams,Active,FG
349,Resin,,50104543,SEVO - VALVE STEM,Pcs,0.816,Grams,Active,FG
350,Resin,,50104543,SEVO - VALVE STEM,Pcs,0.816,Grams,Active,FG
351,Resin,,50104544,SEVO- STEM SUPPORT,Pcs,0.96,Grams,Active,FG
352,Resin,,50104777,24MM SQUEEZE LOC PLGSEAL(PICT),Pcs,3.3,Grams,Active,FG
353,Resin,,50104783,B-5ML RSP WHITE R2(270G)(P)-NS,Pcs,2.38,Grams,Active,FG
354,Resin,,50104883,DPI-CB_MOUTH PIECE WHITE,Pcs,4.5,Grams,Active,FG
355,Resin,,50104883,DPI-CB_MOUTH PIECE WHITE,Pcs,4.5,Grams,Active,FG
356,Resin,,50104909,DPI-CB_BODY WHITE,Pcs,4.566,Grams,Active,FG
357,Resin,,50104910,N-45mcl RSP NAT SUSPENSION-NS,Pcs,0.44,Grams,Active,FG
358,Resin,,50104989,C-TS RSP R2 GREY 2.0(H)-NS,Pcs,2.26,Grams,Active,FG
359,Resin,,50104992,C-TS RSP R2 GRN(348C)2.0(H)-NS,Pcs,2.252,Grams,Active,FG
360,Resin,,50104995,C-TS RSP RED1797 R2 2.0 (H)-NS,Pcs,2.26,Grams,Active,FG
361,Resin,,50105003,C-TS RSP PURPLE R2 2.0 (H)-NS,Pcs,2.252,Grams,Active,FG
362,Resin,,50105006,C-TS RSP BLUE R2 2.0 (H)-NS,Pcs,2.252,Grams,Active,FG
363,Resin,,50105023,C-TS RSP YELLOW110543R2 2.0-NS,Pcs,2.26,Grams,Active,FG
364,Resin,,50105026,DPI-CB_CAP,Pcs,3.4,Grams,Active,FG
365,Resin,,50105026,DPI-CB_CAP,Pcs,3.413,Grams,Active,FG
366,Resin,,50105026,DPI-CB_CAP,Pcs,3.4,Grams,Active,FG
367,Resin,,50105026,DPI-CB_CAP,Pcs,3.4,Grams,Active,FG
368,Resin,,50105034,C-TAMPSAFE RSP TURQ.R2 2.0-NS,Pcs,2.26,Grams,Active,FG
369,Resin,,50105059,DPI-CB_BOTTOM WHITE,Pcs,0.73,Grams,Active,FG
370,Resin,,50105059,DPI-CB_BOTTOM WHITE,Pcs,0.734,Grams,Active,FG
371,Resin,,50105067,C-TAMPSAFE RSP OR1585R2 2.0-NS,Pcs,2.252,Grams,Active,FG
372,Resin,,50105081,DPI-CB_BUTTON BLUE,Pcs,0.435,Grams,Active,FG
373,Resin,,50105081,DPI-CB_BUTTON BLUE,Pcs,0.42,Grams,Active,FG
374,Resin,,50105134,"C-TAMPSAFE ""O"" O GRN 24C(H)-NS",Pcs,2.26,Grams,Active,FG
375,Resin,,50105240,DESFLURANE - CAP,Pcs,4.8,Grams,Active,FG
376,Resin,,50105242,DES - SCREW BASE,Pcs,5.4,Grams,Active,FG
377,Resin,,50105242,DES - SCREW BASE,Pcs,5.4,Grams,Active,FG
378,Resin,,50105278,B-5ML RSP NAT R2 EZI-FLOW-NS,Pcs,2.95,Grams,Active,FG
379,Resin,,50105279,B-5ML RSP WHT R2 EZI-FLOW-NS,Pcs,2.95,Grams,Active,FG
380,Resin,,50105280,B-10ML RSP NAT R2 EZI-FLOW-NS,Pcs,3.6,Grams,Active,FG
381,Resin,,50105284,N-OPEN RSP NAT EZI-FLOW-NS,Pcs,0.49,Grams,Active,FG
382,Resin,,50105285,N-OPEN RSP WHT EZI-FLOW-NS,Pcs,0.49,Grams,Active,FG
383,Resin,,50105285,N-OPEN RSP WHT EZI-FLOW-NS,Pcs,0.49,Grams,Active,FG
384,Resin,,50105285,N-OPEN RSP WHT EZI-FLOW-NS,Pcs,0.49,Grams,Active,FG
385,Resin,,50105504,DPI-CB_BUTTON VIO(2583C)-MABS,Pcs,0.435,Grams,Active,FG
386,Resin,,50105504,DPI-CB_BUTTON VIO(2583C)-MABS,Pcs,12,Grams,Active,FG
387,Resin,,50105506,"C-TS ""O"" U.YELLOW (H-M)-NS",Pcs,2.26,Grams,Active,FG
388,Resin,,50105781,"B-10ML ""O"" P. GREEN (L)-NS",Pcs,3.6,Grams,Active,FG
389,Resin,,50105784,"N-OPEN ""O"" P. GREEN (L)-NS",Pcs,0.49,Grams,Active,FG
390,Resin,,50106204,N-OPEN RSP-30mcl NAT NEW(L)-NS,Pcs,0.485,Grams,Active,FG
391,Resin,,50106204,N-OPEN RSP-30mcl NAT NEW(L)-NS,Pcs,0.485,Grams,Active,FG
392,Resin,,50106997,C-DABUR SSFT (P)-19mm,Pcs,3.9,Grams,Active,FG
393,Resin,,50106998,C-DABUR SSFT (P)-22mm,Pcs,6,Grams,Active,FG
394,Resin,,50106999,C-DABUR SSFT (P)-25mm,Pcs,8.4,Grams,Active,FG
395,Resin,,50107108,B-7ML RSP NATURAL R2 (L)-NS,Pcs,2.65,Grams,Active,FG
396,Resin,,50107271,33MM INNER CAPS NAT (MAS)-64C,Pcs,3,Grams,Active,FG
397,Resin,,50107271,33MM INNER CAPS NAT (MAS)-64C,Pcs,3,Grams,Active,FG
398,Resin,,50107272,33MM OUTER CAPS WHITE(MAS)-64C,Pcs,3.6,Grams,Active,FG
399,Resin,,50107285,C-TS RSP R2 2.0 PINK197 EZI-NS,Pcs,2.26,Grams,Active,FG
400,Resin,,50107462,N-OPEN RSP 60MLTR NAT EZI-NS,Pcs,0.47,Grams,Active,FG
401,Resin,,50107462,N-OPEN RSP 60MLTR NAT EZI-NS,Pcs,0.47,Grams,Active,FG
402,Resin,,50108149,C-C&C FLIP TOP (P)-20mm,Pcs,4.44,Grams,Active,FG
403,Resin,,50108250,"C-TAMPSAFE ""I"" ORG 336940-NS",Pcs,2.2,Grams,Active,FG
404,Resin,,50108253,"C-TAMPSAFE ""I"" VIO 336941-NS",Pcs,2.2,Grams,Active,FG
405,Resin,,50108736,INSPIRA - BUTTON RED (186C),Pcs,0.435,Grams,Active,FG
406,Resin,,50108736,INSPIRA - BUTTON RED (186C),Pcs,0.435,Grams,Active,FG
407,Resin,,50108836,B-60ML DAL NATURAL (PET),Pcs,9.85,Grams,Active,FG
408,Resin,,50109444,28MM OUTER CAPS 43100 WHT(MAS),Pcs,2.9,Grams,Active,FG
409,Resin,,50109444,28MM OUTER CAPS 43100 WHT(MAS),Pcs,2.9,Grams,Active,FG
410,Resin,,50109444,28MM OUTER CAPS 43100 WHT(MAS),Pcs,2.9,Grams,Active,FG
411,Resin,,50109445,33MM OUTER CAPS 43100 WHT(MAS),Pcs,3.6,Grams,Active,FG
412,Resin,,50109445,33MM OUTER CAPS 43100 WHT(MAS),Pcs,3.6,Grams,Active,FG
413,Resin,,50109446,38MM OUTER CAPS 43100 WHT(MAS),Pcs,4.1,Grams,Active,FG
414,Resin,,50109446,38MM OUTER CAPS 43100 WHT(MAS),Pcs,4.002,Grams,Active,FG
415,Resin,,50109446,38MM OUTER CAPS 43100 WHT(MAS),Pcs,4.1,Grams,Active,FG
416,Resin,,50109446,38MM OUTER CAPS 43100 WHT(MAS),Pcs,4.1,Grams,Active,FG
417,Resin,,50109446,38MM OUTER CAPS 43100 WHT(MAS),Pcs,4.1,Grams,Active,FG
418,Resin,,50109709,33MM OUTER CAPS WHITE PIC(MAS),Pcs,3.7,Grams,Active,FG
419,Resin,,50109735,"B-5ML ""I"" WHITE 12C-HW (L)-NS",Pcs,3.1,Grams,Active,FG
420,Resin,,50109735,"B-5ML ""I"" WHITE 12C-HW (L)-NS",Pcs,3.1,Grams,Active,FG
421,Resin,,50109941,33MM OUTER CAPS 43100 WHT,Pcs,3.6,Grams,Active,FG
422,Resin,,50110390,N-OPEN RSP-30mcl GRN NEW(L)-NS,Pcs,0.485,Grams,Active,FG
423,Resin,,50110393,C-TSRSP R2 GRN415143 2.0(H)-NS,Pcs,2.252,Grams,Active,FG
424,Resin,,50110675,B-10ML RG NATURAL 16C (L)-NS,Pcs,3.6,Grams,Active,FG
425,Resin,,50110678,B-10ML RG WHITE 16C (L)-NS,Pcs,3.65,Grams,Active,FG
426,Resin,,50110682,B-10ML RG O.GREEN 16C (L)-NS,Pcs,3.6,Grams,Active,FG
427,Resin,,50110685,B-10ML RG WHT 1840H 16C (L)-NS,Pcs,3.65,Grams,Active,FG
428,Resin,,50110872,C-TS RSP TURQ.R2 2.0-24C(H)-NS,Pcs,2.26,Grams,Active,FG
429,Resin,,50110883,"C-TAMPSAFE ""O"" SKY BLUE (H)-NS",Pcs,2.26,Grams,Active,FG
430,Resin,,50111278,C-TS RSP WT R2 2.0 24C (H)-NS,Pcs,2.26,Grams,Active,FG
431,Resin,,50111281,C-TS RSP R2 GREY 2.0 24C(H)-NS,Pcs,2.26,Grams,Active,FG
432,Resin,,50111284,C-TS RSP OR1585R2 2.0 24C-NS,Pcs,2.252,Grams,Active,FG
433,Resin,,50111297,C-TS RSP R2 PINK197 2.0 24C-NS,Pcs,2.26,Grams,Active,FG
434,Resin,,50111300,C-TS RSPR2 GRN(348C)2.0 24C-NS,Pcs,2.26,Grams,Active,FG
435,Resin,,50111303,C-TS RSP RED1797 R2 2.0 24C-NS,Pcs,2.26,Grams,Active,FG
436,Resin,,50111306,C-TS RSP PURPLE R2 2.0 24C-NS,Pcs,2.26,Grams,Active,FG
437,Resin,,50111312,C-TS RSP YW110543R2 2.0 24C-NS,Pcs,2.26,Grams,Active,FG
438,Resin,,50111315,C-TS RSP TURQ.R2 2.0 24C-NS,Pcs,2.26,Grams,Active,FG
439,Resin,,50111318,C-TS RSP TANBR R2 2.0 24C-NS,Pcs,2.26,Grams,Active,FG
440,Resin,,50111336,C-TSRSPR2 GRN415143 2.0 24C-NS,Pcs,2.26,Grams,Active,FG
441,Resin,,50111496,C-TS RSPR2 YLW110543 2.0 EF-NS,Pcs,2.26,Grams,Active,FG
442,Resin,,50111521,"B-10ML ""I"" NATURAL-16C(L)-NS",Pcs,3.6,Grams,Active,FG
443,Resin,,50111524,"B-10ML ""I""O.GRN91151-16C(L)-NS",Pcs,3.6,Grams,Active,FG
444,Resin,,50111527,"B-10ML ""I"" WHITE-16C (L)-NS",Pcs,3.6,Grams,Active,FG
445,Resin,,50111590,N-OPEN RSP-60MCL NAT 24C(L)-NS,Pcs,0.47,Grams,Active,FG
446,Resin,,50111590,N-OPEN RSP-60MCL NAT 24C(L)-NS,Pcs,0.47,Grams,Active,FG
447,Resin,,50111594,N-OPEN RSP-60MCL WHT 24C(L)-NS,Pcs,0.47,Grams,Active,FG
448,Resin,,50111594,N-OPEN RSP-60MCL WHT 24C(L)-NS,Pcs,0.47,Grams,Active,FG
449,Resin,,50111678,N-OPEN RSP60MCL GRN348C 24C-NS,Pcs,0.47,Grams,Active,FG
450,Resin,,50111782,B-5ML RSP WHITE176031 (L)-NS,Pcs,2.95,Grams,Active,FG
451,Resin,,50111785,B-10ML RSP WHITE176031 (L)-NS,Pcs,3.6,Grams,Active,FG
452,Resin,,50111831,B-10ML EX. RG WHT 16C(L-F)-NS,Pcs,3.65,Grams,Active,FG
453,Resin,,50111837,B-10ML EX.RG O.GRN 16C(L-F)-NS,Pcs,3.6,Grams,Active,FG
454,Resin,,50111844,B-10ML RSP WHT176031 R2(L)-NS,Pcs,3.65,Grams,Active,FG
455,Resin,,50111938,"N-OPEN ""I"" NAT NEW 48C (L)-NS",Pcs,0.54,Grams,Active,FG
456,Resin,,50111941,"N-OPEN ""I"" WHITE NEW 48C(L)-NS",Pcs,0.54,Grams,Active,FG
457,Resin,,50112000,"B-5ML ""O"" WHITE (L-J)-NS",Pcs,2.95,Grams,Active,FG
458,Resin,,50112000,"B-5ML ""O"" WHITE (L-J)-NS",Pcs,2.96,Grams,Active,FG
459,Resin,,50112001,"B-10ML ""O"" WHITE (L-J)-NS",Pcs,3.6,Grams,Active,FG
460,Resin,,50112004,B-5ML RG WHITE 18C (L-F)-NS,Pcs,2.87,Grams,Active,FG
461,Resin,,50112093,33MM OUTERCAP 43100WHT 64C-MAS,Pcs,3.6,Grams,Active,FG
462,Resin,,50112163,"C-TAMPSAFE ""O"" WHITE-24C(H)-NS",Pcs,2.26,Grams,Active,FG
463,Resin,,50112204,N-OPEN RSP O.GRN373-1840H-NS,Pcs,0.49,Grams,Active,FG
464,Resin,,50112209,C-TS RSPR2 2.0 O.GRN373-24C-NS,Pcs,2.26,Grams,Active,FG
465,Resin,,50112474,N-RISDROP NOZZLE 60MLTR NAT-NS,Pcs,0.5,Grams,Active,FG
466,Resin,,50112643,B-5ML RSP R2 NAT(M-PE3420F)-NS,Pcs,3,Grams,Active,FG
467,Resin,,50112765,DPI-CB_BODY WHT-HIGH RESISTANT,Pcs,4.566,Grams,Active,FG
468,Resin,,50112834,B-5ML RSP R2 GREEN5271(L) -NS,Pcs,2.95,Grams,Active,FG
469,Resin,,50112836,N-OPEN RSP GREEN5271(L) -NS,Pcs,0.49,Grams,Active,FG
470,Resin,,50112837,C-TS RSP R2 2.0GRN5271-24C-NS,Pcs,2.26,Grams,Active,FG
471,Resin,,50112948,C-RSP TE LESS WHITE(H)-NS,Pcs,2.26,Grams,Active,FG
472,Resin,,50112962,B-5ML RG O. GREEN (L-F) -NS,Pcs,2.87,Grams,Active,FG
473,Resin,,50112983,N-OPEN RSP 45mcl NAT(D2517)-NS,Pcs,0.49,Grams,Active,FG
474,Resin,,50112983,N-OPEN RSP 45mcl NAT(D2517)-NS,Pcs,0.49,Grams,Active,FG
475,Resin,,50112986,N-OPEN RSP 30mcl NAT(D2517)-NS,Pcs,0.485,Grams,Active,FG
476,Resin,,50112997,B-15ML RSP WHT176031 R2(L)-NS,Pcs,4.55,Grams,Active,FG
477,Resin,,50113000,B-15ML RSP R2 GREEN5271(L) -NS,Pcs,4.55,Grams,Active,FG
478,Resin,,50113003,B-15ML RSPR2 O.GRN373-1840H-NS,Pcs,4.55,Grams,Active,FG
479,Resin,,50113088,C-TAMPSAFE SS(R) WHITE(H)3P-NS,Pcs,16,Grams,Active,FG
480,Resin,,50113091,B-15ML RG WHITE (L) 3P-NS,Pcs,4.46,Grams,Active,FG
481,Resin,,50113094,N-OPEN RG WHITE 64C(L) 3P-NS,Pcs,0.64,Grams,Active,FG
482,Resin,,50113255,B-15ML EX.RG WHITE (L) 16C-NS,Pcs,4.3,Grams,Active,FG
483,Resin,,50113255,B-15ML EX.RG WHITE (L) 16C-NS,Pcs,4.3,Grams,Active,FG
484,Resin,,50113255,B-15ML EX.RG WHITE (L) 16C-NS,Pcs,4.5,Grams,Active,FG
485,Resin,,50113255,B-15ML EX.RG WHITE (L) 16C-NS,Pcs,4.3,Grams,Active,FG
486,Resin,,50113275,C-TS RSP L.GRN R2 2.0 24C(PLT),Pcs,2.26,Grams,Active,FG
487,Resin,,50113276,C-TS RSP WT R2 2.0 24C (PLT),Pcs,2.26,Grams,Active,FG
488,Resin,,50113277,C-TS RSP NAT R2 2.0 24C (PLT),Pcs,2.26,Grams,Active,FG
489,Resin,,50113278,N-OPEN RSP L.GRN373 (PLT),Pcs,0.49,Grams,Active,FG
490,Resin,,50113279,N-OPEN RSP NATURAL (PLT),Pcs,0.49,Grams,Active,FG
491,Resin,,50113280,N-OPEN RSP WHITE (PLT),Pcs,0.49,Grams,Active,FG
492,Resin,,50113290,"B-5ML ""I"" OGREEN-12C-HW(L)-NS",Pcs,2.55,Grams,Active,FG
493,Resin,,50113290,"B-5ML ""I"" OGREEN-12C-HW(L)-NS",Pcs,2.55,Grams,Active,FG
494,Resin,,50113302,C-TS RSP R2 2.0WHT6541A-24C-NS,Pcs,2.26,Grams,Active,FG
495,Resin,,50113302,C-TS RSP R2 2.0WHT6541A-24C-NS,Pcs,2.26,Grams,Active,FG
496,Resin,,50113305,C-TS RSPR2 2.0PINK6541A-24C-NS,Pcs,2.26,Grams,Active,FG
497,Resin,,50113305,C-TS RSPR2 2.0PINK6541A-24C-NS,Pcs,2.26,Grams,Active,FG
498,Resin,,50113308,C-TS RSPR2 2.0TURQ6541A-24C-NS,Pcs,2.26,Grams,Active,FG
499,Resin,,50113374,C-TAMPSAFE RSP GRN348C (H)-NS,Pcs,2.26,Grams,Active,FG
500,Resin,,50113412,24MM SQ LOC PLGSEAL NAT (PICT),Pcs,3.3,Grams,Active,FG
501,Resin,,50113467,38MM OUTER CAP BLUE(2945C)-MAS,Pcs,4.1,Grams,Active,FG
502,Resin,,50113468,33MM OUTER CAP BLUE(2945C)-MAS,Pcs,3.7,Grams,Active,FG
503,Resin,,50113534,C-TS RSPR2 2.0 GR7745C 24C-PLT,Pcs,2.27,Grams,Active,FG
504,Resin,,50113554,B-7ML RSP R2 WHITE (L)-NS,Pcs,2.65,Grams,Active,FG
505,Resin,,50113648,N-OPEN RSP NATURAL-64C(L)-NS,Pcs,0.49,Grams,Active,FG
506,Resin,,50113737,C-TS RSP R2 2.0 WHT 64C (H)-NS,Pcs,2.26,Grams,Active,FG
507,Resin,,50113742,C-TS RSP R2 2.0 TANBR 64C-NS,Pcs,2.26,Grams,Active,FG
508,Resin,,50113745,C-TSRSPR2 2.0 GRN415143 64C-NS,Pcs,2.26,Grams,Active,FG
509,Resin,,50113748,C-TS RSP R2 2.0 TURQ. 64C-NS,Pcs,2.26,Grams,Active,FG
510,Resin,,50113751,C-TS RSP R2 2.0 GREY 64C-NS,Pcs,2.26,Grams,Active,FG
511,Resin,,50113754,C-TS RSP R2 2.0 PINK 64C-NS,Pcs,2.26,Grams,Active,FG
512,Resin,,50113856,C-TS RSP R2 2.0 PINK310239-NS,Pcs,2.26,Grams,Active,FG
513,Resin,,50113856,C-TS RSP R2 2.0 PINK310239-NS,Pcs,2.26,Grams,Active,FG
514,Resin,,50113857,C-TS RSPR2 2.0 PINK ACP6541-NS,Pcs,2.26,Grams,Active,FG
515,Resin,,50113857,C-TS RSPR2 2.0 PINK ACP6541-NS,Pcs,2.26,Grams,Active,FG
516,Resin,,50114034,C-TS RSP OR1585R2 2.0 64C-NS,Pcs,2.26,Grams,Active,FG
517,Resin,,50114037,C-TS RSP PURPLE R2 2.0 64C-NS,Pcs,2.26,Grams,Active,FG
518,Resin,,50114040,C-TS RSP BLUE R2 2.0 64C-NS,Pcs,2.26,Grams,Active,FG
519,Resin,,50114044,"C-TAMPSAFE ""O"" P.GRN 24C(H)-NS",Pcs,2.26,Grams,Active,FG
520,Resin,,50114061,B-10ML RSP WHT415169 R2 (L)-NS,Pcs,3.6,Grams,Active,FG
521,Resin,,50114090,N-RISDROP 45MLTR BLUE 2945C-NS,Pcs,0.48,Grams,Active,FG
522,Resin,,50114106,C-TS RSP RED1797 R2 2.0 64C-NS,Pcs,2.26,Grams,Active,FG
523,Resin,,50114111,33MM INNER CAPS CH120LN-BRK,Pcs,3,Grams,Active,FG